{"cameraMode":{"drawMode":0,"name":"Shaded","section":"Shading Mode"},"sceneLighting":false,"audioPlay":false,"sceneViewState":{"showFog":true,"showMaterialUpdate":false,"showSkybox":false,"showFlares":true,"showImageEffects":true,"showParticleSystems":true},"in2DMode":false,"pivot":{"x":-3.540297031402588,"y":23.673187255859376,"z":-10.826923370361329},"rotation":{"x":0.2827679216861725,"y":0.09047307074069977,"z":-0.026801638305187227,"w":0.9545353651046753},"size":5.993217468261719,"orthographic":false}